Isim;Can;Saldiri;Zirh
Ejderha;100;20;5
Sovalye;80;15;10
dus; 46.000000; 32.000000; 78.000000
dus2; 43.000000; 75.000000; 23.000000
100; 32.000000; 14.000000; 23.000000
